<?xml version="1.0" encoding="utf-8" standalone="yes" ?>
<rss version="2.0" xmlns:atom="http://www.w3.org/2005/Atom">
  <channel>
    <title>Poem on Avery</title>
    <link>/tags/poem/</link>
    <description>Recent content in Poem on Avery</description>
    <generator>Hugo -- gohugo.io</generator>
    <language>en-us</language>
    <lastBuildDate>Tue, 13 Feb 2018 13:56:12 -0500</lastBuildDate>
    
	<atom:link href="/tags/poem/index.xml" rel="self" type="application/rss+xml" />
    
    
    <item>
      <title>Code Poetry</title>
      <link>/posts/code-poetry/</link>
      <pubDate>Tue, 13 Feb 2018 13:56:12 -0500</pubDate>
      
      <guid>/posts/code-poetry/</guid>
      <description>Pseudo code poem.
if (this === that): try write_new_poem() except not_a_poet as e: return </description>
    </item>
    
    <item>
      <title>A Poem</title>
      <link>/posts/a-poem/</link>
      <pubDate>Thu, 01 Feb 2018 12:35:11 -0500</pubDate>
      
      <guid>/posts/a-poem/</guid>
      <description>Now pleasing sleep had seal&amp;rsquo;d each mortal eye,
Stretch&amp;rsquo;d in the tents the Grecian leaders lie:
The immortals slumber&amp;rsquo;d on their thrones above;
All, but the ever-wakeful eyes of Jove.(76)
To honour Thetis&amp;rsquo; son he bends his care,
And plunge the Greeks in all the woes of war:
Then bids an empty phantom rise to sight,
And thus commands the vision of the night.
&amp;ldquo;Fly hence, deluding Dream! and light as air,(77)</description>
    </item>
    
  </channel>
</rss>