<?xml version="1.0" encoding="utf-8" standalone="yes" ?>
<rss version="2.0" xmlns:atom="http://www.w3.org/2005/Atom">
  <channel>
    <title>Classic on Avery</title>
    <link>/tags/classic/</link>
    <description>Recent content in Classic on Avery</description>
    <generator>Hugo -- gohugo.io</generator>
    <language>en-us</language>
    <lastBuildDate>Sun, 11 Feb 2018 12:34:41 -0500</lastBuildDate>
    
	<atom:link href="/tags/classic/index.xml" rel="self" type="application/rss+xml" />
    
    
    <item>
      <title>Dear Jane, regarding Mr. Bennet</title>
      <link>/posts/dear-jane/</link>
      <pubDate>Sun, 11 Feb 2018 12:34:41 -0500</pubDate>
      
      <guid>/posts/dear-jane/</guid>
      <description>Chapter One It is a truth universally acknowledged, that a single man in possession of a good fortune, must be in want of a wife.
However little known the feelings or views of such a man may be on his first entering a neighbourhood, this truth is so well fixed in the minds of the surrounding families, that he is considered the rightful property of some one or other of their daughters.</description>
    </item>
    
    <item>
      <title>Oh, Alice</title>
      <link>/posts/oh-alice/</link>
      <pubDate>Fri, 09 Feb 2018 12:32:12 -0500</pubDate>
      
      <guid>/posts/oh-alice/</guid>
      <description>Nor did such soothing scenes, however temporary, fail of at least as temporary an effect on Ahab. But if these secret golden keys did seem to open in him his own secret golden treasuries, yet did his breath upon them prove but tarnishing. Alice opened the door and found that it led into a small passage, not much larger than a rat-hole: she knelt down and looked along the passage into the loveliest garden you ever saw.</description>
    </item>
    
    <item>
      <title>A Poem</title>
      <link>/posts/a-poem/</link>
      <pubDate>Thu, 01 Feb 2018 12:35:11 -0500</pubDate>
      
      <guid>/posts/a-poem/</guid>
      <description>Now pleasing sleep had seal&amp;rsquo;d each mortal eye,
Stretch&amp;rsquo;d in the tents the Grecian leaders lie:
The immortals slumber&amp;rsquo;d on their thrones above;
All, but the ever-wakeful eyes of Jove.(76)
To honour Thetis&amp;rsquo; son he bends his care,
And plunge the Greeks in all the woes of war:
Then bids an empty phantom rise to sight,
And thus commands the vision of the night.
&amp;ldquo;Fly hence, deluding Dream! and light as air,(77)</description>
    </item>
    
  </channel>
</rss>