<?xml version="1.0" encoding="utf-8" standalone="yes" ?>
<rss version="2.0" xmlns:atom="http://www.w3.org/2005/Atom">
  <channel>
    <title>Academic on Avery</title>
    <link>/academic/</link>
    <description>Recent content in Academic on Avery</description>
    <generator>Hugo -- gohugo.io</generator>
    <language>en-us</language>
    <lastBuildDate>Tue, 13 Feb 2018 12:21:57 -0500</lastBuildDate>
    
	<atom:link href="/academic/index.xml" rel="self" type="application/rss+xml" />
    
    
  </channel>
</rss>