<?xml version="1.0" encoding="utf-8" standalone="yes" ?>
<rss version="2.0" xmlns:atom="http://www.w3.org/2005/Atom">
  <channel>
    <title>Tags on Avery</title>
    <link>/tags/</link>
    <description>Recent content in Tags on Avery</description>
    <generator>Hugo -- gohugo.io</generator>
    <language>en-us</language>
    <lastBuildDate>Thu, 08 Mar 2018 20:18:53 -0500</lastBuildDate>
    
	<atom:link href="/tags/index.xml" rel="self" type="application/rss+xml" />
    
    
    <item>
      <title>Blog</title>
      <link>/tags/blog/</link>
      <pubDate>Thu, 08 Mar 2018 20:18:53 -0500</pubDate>
      
      <guid>/tags/blog/</guid>
      <description></description>
    </item>
    
    <item>
      <title>Classic</title>
      <link>/tags/classic/</link>
      <pubDate>Sun, 11 Feb 2018 12:34:41 -0500</pubDate>
      
      <guid>/tags/classic/</guid>
      <description></description>
    </item>
    
    <item>
      <title>Code</title>
      <link>/tags/code/</link>
      <pubDate>Thu, 08 Mar 2018 20:18:53 -0500</pubDate>
      
      <guid>/tags/code/</guid>
      <description></description>
    </item>
    
    <item>
      <title>Poem</title>
      <link>/tags/poem/</link>
      <pubDate>Tue, 13 Feb 2018 13:56:12 -0500</pubDate>
      
      <guid>/tags/poem/</guid>
      <description></description>
    </item>
    
    <item>
      <title>Story</title>
      <link>/tags/story/</link>
      <pubDate>Sun, 11 Feb 2018 12:34:41 -0500</pubDate>
      
      <guid>/tags/story/</guid>
      <description></description>
    </item>
    
  </channel>
</rss>