<?xml version="1.0" encoding="utf-8" standalone="yes" ?>
<rss version="2.0" xmlns:atom="http://www.w3.org/2005/Atom">
  <channel>
    <title>Code on Avery</title>
    <link>/tags/code/</link>
    <description>Recent content in Code on Avery</description>
    <generator>Hugo -- gohugo.io</generator>
    <language>en-us</language>
    <lastBuildDate>Thu, 08 Mar 2018 20:18:53 -0500</lastBuildDate>
    
	<atom:link href="/tags/code/index.xml" rel="self" type="application/rss+xml" />
    
    
    <item>
      <title>Long Form Post</title>
      <link>/posts/long-form-post/</link>
      <pubDate>Thu, 08 Mar 2018 20:18:53 -0500</pubDate>
      
      <guid>/posts/long-form-post/</guid>
      <description>Lorem ipsum dolor sit amet, consectetur adipiscing elit, sed do eiusmod tempor incididunt ut labore et dolore magna aliqua. Cursus eget nunc scelerisque viverra. Quam vulputate dignissim suspendisse in est ante in nibh mauris. Pharetra magna ac placerat vestibulum lectus mauris. Eget lorem dolor sed viverra ipsum. Elementum nisi quis eleifend quam adipiscing. Aliquet nec ullamcorper sit amet risus. Auctor neque vitae tempus quam pellentesque. Tincidunt lobortis feugiat vivamus at augue.</description>
    </item>
    
    <item>
      <title>Code Poetry</title>
      <link>/posts/code-poetry/</link>
      <pubDate>Tue, 13 Feb 2018 13:56:12 -0500</pubDate>
      
      <guid>/posts/code-poetry/</guid>
      <description>Pseudo code poem.
if (this === that): try write_new_poem() except not_a_poet as e: return </description>
    </item>
    
  </channel>
</rss>